{
  "feature_cols": [
    "temperature_2m_mean",
    "apparent_temperature_mean",
    "dewpoint_mean_c",
    "rain_sum_log1p",
    "snowfall_sum_log1p",
    "precipitation_hours",
    "sunshine_fraction",
    "cloud_cover_mean_pct",
    "wind_speed_mean_kmh",
    "wind_gusts_max_kmh",
    "weather_code_bucket"
  ],
  "weights": {
    "temperature_2m_mean": 2.0,
    "apparent_temperature_mean": 1.5,
    "dewpoint_mean_c": 1.5,
    "rain_sum_log1p": 1.5,
    "snowfall_sum_log1p": 1.5,
    "precipitation_hours": 0.75,
    "sunshine_fraction": 1.0,
    "cloud_cover_mean_pct": 0.75,
    "wind_speed_mean_kmh": 0.75,
    "wind_gusts_max_kmh": 1.0,
    "weather_code_bucket": 1.0
  },
  "center": [
    15.285332,
    13.571041,
    8.196834,
    0.0,
    0.0,
    0.0,
    0.9235544081827335,
    52.791668,
    10.679678,
    35.28,
    1.0
  ],
  "scale": [
    15.862668699999999,
    19.794753299999996,
    15.09291867,
    0.7884573603642702,
    1.0,
    5.0,
    0.27907624472037384,
    54.04167,
    7.3494649999999995,
    16.559995999999998,
    2.0
  ],
  "wmoBuckets": {
    "0": 0,
    "1": 1,
    "2": 1,
    "3": 1,
    "45": 2,
    "48": 2,
    "51": 3,
    "53": 3,
    "55": 3,
    "56": 5,
    "57": 5,
    "61": 4,
    "63": 4,
    "65": 4,
    "66": 5,
    "67": 5,
    "71": 6,
    "73": 6,
    "75": 6,
    "77": 6,
    "80": 7,
    "81": 7,
    "82": 7,
    "85": 7,
    "86": 7,
    "95": 8,
    "96": 8,
    "99": 8
  }
}